ticker,year,month,day,filename,BrexitExposure,BrexitRisk,BrexitSentiment,NonBrexitRisk,NonBrexitSentiment
DPWGn.DE,2013,11,12,/Users/min/brexit-uncertainty/src/processed/2013/DPWGn.DE-2013-11-12-140654996696.txt,0.0,0.0,-0.0,4.0,73.0
BP.L,2013,07,30,/Users/min/brexit-uncertainty/src/processed/2013/BP.L-2013-07-30-140417902762.txt,0.0,0.0,-0.0,8.0,-57.0
LLY.N,2013,04,24,/Users/min/brexit-uncertainty/src/processed/2013/LLY.N-2013-04-24-138151103478.txt,0.0,0.0,-0.0,1.0,2.0
ULVR.L,2013,01,23,/Users/min/brexit-uncertainty/src/processed/2013/ULVR.L-2013-01-23-140768961785.txt,0.0,0.0,-0.0,4.0,89.0
ULVR.L,2013,10,24,/Users/min/brexit-uncertainty/src/processed/2013/ULVR.L-2013-10-24-138164413148.txt,0.0,0.0,-0.0,4.0,10.0
F.N,2013,10,24,/Users/min/brexit-uncertainty/src/processed/2013/F.N-2013-10-24-136994481996.txt,0.0,0.0,-0.0,4.0,9.0
7203.T,2013,02,05,/Users/min/brexit-uncertainty/src/processed/2013/7203.T-2013-02-05-139314267214.txt,0.0,0.0,-0.0,0.0,-1.0
ULVR.L,2013,07,25,/Users/min/brexit-uncertainty/src/processed/2013/ULVR.L-2013-07-25-137345419573.txt,0.0,0.0,-0.0,7.0,130.0
AZN.L,2013,10,31,/Users/min/brexit-uncertainty/src/processed/2013/AZN.L-2013-10-31-138612541449.txt,0.0,0.0,-0.0,10.0,32.0
BARC.L,2013,02,13,/Users/min/brexit-uncertainty/src/processed/2013/BARC.L-2013-02-13-140595854486.txt,0.0,0.0,-0.0,14.0,3.0
F.N,2013,07,24,/Users/min/brexit-uncertainty/src/processed/2013/F.N-2013-07-24-139980448368.txt,0.0,0.0,-0.0,8.0,135.0
TSCO.L,2013,10,02,/Users/min/brexit-uncertainty/src/processed/2013/TSCO.L-2013-10-02-140020697425.txt,0.0,0.0,-0.0,5.0,145.0
KRFT.O,2013,05,02,/Users/min/brexit-uncertainty/src/processed/2013/KRFT.O-2013-05-02-139658883669.txt,0.0,0.0,-0.0,3.0,82.0
BARC.L,2013,07,30,/Users/min/brexit-uncertainty/src/processed/2013/BARC.L-2013-07-30-139997364908.txt,0.0,0.0,-0.0,8.0,2.0
7203.T,2013,08,02,/Users/min/brexit-uncertainty/src/processed/2013/7203.T-2013-08-02-139647060577.txt,0.0,0.0,-0.0,1.0,-1.0
JNJ.N,2013,01,22,/Users/min/brexit-uncertainty/src/processed/2013/JNJ.N-2013-01-22-139766127942.txt,0.0,0.0,-0.0,9.0,171.0
F.N,2013,07,24,/Users/min/brexit-uncertainty/src/processed/2013/F.N-2013-07-24-140510040589.txt,0.0,0.0,-0.0,1.0,21.0
F.N,2013,01,29,/Users/min/brexit-uncertainty/src/processed/2013/F.N-2013-01-29-137306625477.txt,0.0,0.0,-0.0,10.0,65.0
BP.L,2013,10,29,/Users/min/brexit-uncertainty/src/processed/2013/BP.L-2013-10-29-138492794670.txt,0.0,0.0,-0.0,9.0,-37.0
7203.T,2013,05,08,/Users/min/brexit-uncertainty/src/processed/2013/7203.T-2013-05-08-137290957349.txt,0.0,0.0,-0.0,0.0,-1.0
JNJ.N,2013,10,15,/Users/min/brexit-uncertainty/src/processed/2013/JNJ.N-2013-10-15-138317421047.txt,0.0,0.0,-0.0,2.0,192.0
DPWGn.DE,2013,03,05,/Users/min/brexit-uncertainty/src/processed/2013/DPWGn.DE-2013-03-05-138356575985.txt,0.0,0.0,-0.0,8.0,58.0
7203.T,2013,02,05,/Users/min/brexit-uncertainty/src/processed/2013/7203.T-2013-02-05-139656630905.txt,0.0,0.0,-0.0,0.0,-1.0
LLY.N,2013,07,24,/Users/min/brexit-uncertainty/src/processed/2013/LLY.N-2013-07-24-138630738715.txt,0.0,0.0,-0.0,6.0,50.0
F.N,2013,04,24,/Users/min/brexit-uncertainty/src/processed/2013/F.N-2013-04-24-138413489599.txt,0.0,0.0,-0.0,6.0,68.0
JNJ.N,2013,04,16,/Users/min/brexit-uncertainty/src/processed/2013/JNJ.N-2013-04-16-140537612427.txt,0.0,0.0,-0.0,2.0,50.0
AZN.L,2013,08,01,/Users/min/brexit-uncertainty/src/processed/2013/AZN.L-2013-08-01-137903948186.txt,0.0,0.0,-0.0,6.0,52.0
7203.T,2013,11,06,/Users/min/brexit-uncertainty/src/processed/2013/7203.T-2013-11-06-138393853642.txt,0.0,0.0,-0.0,0.0,6.0
F.N,2013,04,24,/Users/min/brexit-uncertainty/src/processed/2013/F.N-2013-04-24-138333373615.txt,0.0,0.0,-0.0,1.0,-8.0
KRFT.O,2013,02,15,/Users/min/brexit-uncertainty/src/processed/2013/KRFT.O-2013-02-15-140858816269.txt,0.0,0.0,-0.0,3.0,37.0
F.N,2013,01,29,/Users/min/brexit-uncertainty/src/processed/2013/F.N-2013-01-29-140697301708.txt,0.0,0.0,-0.0,2.0,-11.0
KR.N,2013,09,12,/Users/min/brexit-uncertainty/src/processed/2013/KR.N-2013-09-12-138765758492.txt,0.0,0.0,-0.0,0.0,110.0
TSCO.L,2013,04,17,/Users/min/brexit-uncertainty/src/processed/2013/TSCO.L-2013-04-17-138043584744.txt,0.0,0.0,-0.0,3.0,175.0
JNJ.N,2013,07,16,/Users/min/brexit-uncertainty/src/processed/2013/JNJ.N-2013-07-16-140981724350.txt,0.0,0.0,-0.0,4.0,216.0
BP.L,2013,04,30,/Users/min/brexit-uncertainty/src/processed/2013/BP.L-2013-04-30-139366941914.txt,0.0,0.0,-0.0,4.0,37.0
F.N,2013,10,24,/Users/min/brexit-uncertainty/src/processed/2013/F.N-2013-10-24-140310374921.txt,0.0,0.0,-0.0,5.0,167.0
7203.T,2013,08,02,/Users/min/brexit-uncertainty/src/processed/2013/7203.T-2013-08-02-140758595771.txt,0.0,0.0,-0.0,0.0,-1.0
LLY.N,2013,01,29,/Users/min/brexit-uncertainty/src/processed/2013/LLY.N-2013-01-29-138602223739.txt,0.0,0.0,-0.0,4.0,18.0
DPWGn.DE,2013,05,14,/Users/min/brexit-uncertainty/src/processed/2013/DPWGn.DE-2013-05-14-137074209707.txt,0.0,0.0,-0.0,3.0,38.0
KR.N,2013,12,05,/Users/min/brexit-uncertainty/src/processed/2013/KR.N-2013-12-05-140861526577.txt,0.0,0.0,-0.0,22.0,77.0
BARC.L,2013,02,12,/Users/min/brexit-uncertainty/src/processed/2013/BARC.L-2013-02-12-140840369742.txt,0.0,0.0,-0.0,10.0,13.0
7203.T,2013,11,06,/Users/min/brexit-uncertainty/src/processed/2013/7203.T-2013-11-06-137927219270.txt,0.0,0.0,-0.0,0.0,-1.0
LLY.N,2013,10,23,/Users/min/brexit-uncertainty/src/processed/2013/LLY.N-2013-10-23-138725879011.txt,0.0,0.0,-0.0,3.0,25.0
7203.T,2013,05,08,/Users/min/brexit-uncertainty/src/processed/2013/7203.T-2013-05-08-138962126734.txt,0.0,0.0,-0.0,0.0,1.0
KRFT.O,2013,08,01,/Users/min/brexit-uncertainty/src/processed/2013/KRFT.O-2013-08-01-140540605958.txt,0.0,0.0,-0.0,3.0,91.0
KR.N,2013,03,07,/Users/min/brexit-uncertainty/src/processed/2013/KR.N-2013-03-07-138804249267.txt,0.0,0.0,-0.0,0.0,85.0
KRFT.O,2013,10,30,/Users/min/brexit-uncertainty/src/processed/2013/KRFT.O-2013-10-30-137112529361.txt,0.0,0.0,-0.0,3.0,24.0
KR.N,2013,06,20,/Users/min/brexit-uncertainty/src/processed/2013/KR.N-2013-06-20-140247356635.txt,0.0,0.0,-0.0,2.0,66.0
AZN.L,2013,01,31,/Users/min/brexit-uncertainty/src/processed/2013/AZN.L-2013-01-31-138436681527.txt,0.0,0.0,-0.0,14.0,63.0
BARC.L,2013,07,30,/Users/min/brexit-uncertainty/src/processed/2013/BARC.L-2013-07-30-137974100339.txt,0.0,0.0,-0.0,15.0,28.0
BP.L,2013,02,05,/Users/min/brexit-uncertainty/src/processed/2013/BP.L-2013-02-05-137254135568.txt,0.0,0.0,-0.0,20.0,29.0
AZN.L,2013,04,25,/Users/min/brexit-uncertainty/src/processed/2013/AZN.L-2013-04-25-140645599042.txt,0.0,0.0,-0.0,5.0,-10.0
DPWGn.DE,2013,08,06,/Users/min/brexit-uncertainty/src/processed/2013/DPWGn.DE-2013-08-06-137814696397.txt,0.0,0.0,-0.0,1.0,33.0
AZN.L,2014,07,31,/Users/min/brexit-uncertainty/src/processed/2014/AZN.L-2014-07-31-137048371040.txt,0.0,0.0,-0.0,12.0,58.0
KRFT.O,2014,05,01,/Users/min/brexit-uncertainty/src/processed/2014/KRFT.O-2014-05-01-140468855273.txt,0.0,0.0,-0.0,2.0,83.0
7203.T,2014,11,05,/Users/min/brexit-uncertainty/src/processed/2014/7203.T-2014-11-05-137004337154.txt,0.0,0.0,-0.0,0.0,8.0
BARC.L,2014,02,11,/Users/min/brexit-uncertainty/src/processed/2014/BARC.L-2014-02-11-138479168847.txt,0.0,0.0,-0.0,27.0,43.0
KR.N,2014,03,06,/Users/min/brexit-uncertainty/src/processed/2014/KR.N-2014-03-06-138325545505.txt,0.0,0.0,-0.0,0.0,84.0
TSCO.L,2014,10,23,/Users/min/brexit-uncertainty/src/processed/2014/TSCO.L-2014-10-23-137542173818.txt,0.0,0.0,-0.0,10.0,22.0
KRFT.O,2014,10,29,/Users/min/brexit-uncertainty/src/processed/2014/KRFT.O-2014-10-29-138512734887.txt,0.0,0.0,-0.0,2.0,54.0
F.N,2014,01,28,/Users/min/brexit-uncertainty/src/processed/2014/F.N-2014-01-28-137531650747.txt,0.0,0.0,-0.0,11.0,63.0
JNJ.N,2014,01,21,/Users/min/brexit-uncertainty/src/processed/2014/JNJ.N-2014-01-21-140695362782.txt,0.0,0.0,-0.0,1.0,285.0
7203.T,2014,02,04,/Users/min/brexit-uncertainty/src/processed/2014/7203.T-2014-02-04-140598541135.txt,0.0,0.0,-0.0,0.0,6.0
LLY.N,2014,04,24,/Users/min/brexit-uncertainty/src/processed/2014/LLY.N-2014-04-24-140503398539.txt,0.0,0.0,-0.0,6.0,37.0
DPWGn.DE,2014,11,12,/Users/min/brexit-uncertainty/src/processed/2014/DPWGn.DE-2014-11-12-139655011809.txt,0.0,0.0,-0.0,8.0,85.0
7203.T,2014,08,05,/Users/min/brexit-uncertainty/src/processed/2014/7203.T-2014-08-05-139185059905.txt,0.0,0.0,-0.0,0.0,-1.0
7203.T,2014,02,04,/Users/min/brexit-uncertainty/src/processed/2014/7203.T-2014-02-04-138790486159.txt,0.0,0.0,-0.0,0.0,-1.0
BARC.L,2014,07,30,/Users/min/brexit-uncertainty/src/processed/2014/BARC.L-2014-07-30-137655586843.txt,0.0,0.0,-0.0,5.0,24.0
F.N,2014,04,25,/Users/min/brexit-uncertainty/src/processed/2014/F.N-2014-04-25-138757082359.txt,0.0,0.0,-0.0,2.0,5.0
AZN.L,2014,02,06,/Users/min/brexit-uncertainty/src/processed/2014/AZN.L-2014-02-06-137333756212.txt,0.0,0.0,-0.0,9.0,49.0
7203.T,2014,05,08,/Users/min/brexit-uncertainty/src/processed/2014/7203.T-2014-05-08-140260598328.txt,0.0,0.0,-0.0,0.0,-1.0
JNJ.N,2014,10,14,/Users/min/brexit-uncertainty/src/processed/2014/JNJ.N-2014-10-14-140968328466.txt,0.0,0.0,-0.0,1.0,43.0
JNJ.N,2014,07,15,/Users/min/brexit-uncertainty/src/processed/2014/JNJ.N-2014-07-15-136939263362.txt,0.0,0.0,-0.0,3.0,245.0
AZN.L,2014,04,24,/Users/min/brexit-uncertainty/src/processed/2014/AZN.L-2014-04-24-138155187673.txt,0.0,0.0,-0.0,8.0,61.0
DPWGn.DE,2014,03,12,/Users/min/brexit-uncertainty/src/processed/2014/DPWGn.DE-2014-03-12-138881543698.txt,0.0,0.0,-0.0,7.0,131.0
KR.N,2014,09,11,/Users/min/brexit-uncertainty/src/processed/2014/KR.N-2014-09-11-140264772688.txt,0.0,0.0,-0.0,1.0,90.0
BP.L,2014,10,28,/Users/min/brexit-uncertainty/src/processed/2014/BP.L-2014-10-28-139601218923.txt,0.0,0.0,-0.0,17.0,-43.0
BP.L,2014,04,29,/Users/min/brexit-uncertainty/src/processed/2014/BP.L-2014-04-29-138873565956.txt,0.0,0.0,-0.0,6.0,7.0
KRFT.O,2014,02,13,/Users/min/brexit-uncertainty/src/processed/2014/KRFT.O-2014-02-13-138383206301.txt,0.0,0.0,-0.0,4.0,53.0
TSCO.L,2014,04,16,/Users/min/brexit-uncertainty/src/processed/2014/TSCO.L-2014-04-16-138686263738.txt,0.0,0.0,-0.0,6.0,78.0
LLY.N,2014,10,23,/Users/min/brexit-uncertainty/src/processed/2014/LLY.N-2014-10-23-140350066769.txt,0.0,0.0,-0.0,10.0,57.0
BP.L,2014,02,04,/Users/min/brexit-uncertainty/src/processed/2014/BP.L-2014-02-04-140516368815.txt,0.0,0.0,-0.0,7.0,17.0
F.N,2014,10,24,/Users/min/brexit-uncertainty/src/processed/2014/F.N-2014-10-24-140633530830.txt,0.0,0.0,-0.0,4.0,-13.0
ULVR.L,2014,01,21,/Users/min/brexit-uncertainty/src/processed/2014/ULVR.L-2014-01-21-138265242047.txt,0.0,0.0,-0.0,3.0,110.0
F.N,2014,04,25,/Users/min/brexit-uncertainty/src/processed/2014/F.N-2014-04-25-140480486787.txt,0.0,0.0,-0.0,8.0,31.0
DPWGn.DE,2014,05,15,/Users/min/brexit-uncertainty/src/processed/2014/DPWGn.DE-2014-05-15-138612226032.txt,0.0,0.0,-0.0,1.0,26.0
F.N,2014,10,24,/Users/min/brexit-uncertainty/src/processed/2014/F.N-2014-10-24-139914293729.txt,0.0,0.0,-0.0,2.0,-13.0
BP.L,2014,07,29,/Users/min/brexit-uncertainty/src/processed/2014/BP.L-2014-07-29-137542750717.txt,0.0,0.0,-0.0,13.0,-27.0
7203.T,2014,08,05,/Users/min/brexit-uncertainty/src/processed/2014/7203.T-2014-08-05-140200949134.txt,0.0,0.0,-0.0,0.0,5.0
DPWGn.DE,2014,08,05,/Users/min/brexit-uncertainty/src/processed/2014/DPWGn.DE-2014-08-05-141070758373.txt,0.0,0.0,-0.0,5.0,139.0
F.N,2014,07,24,/Users/min/brexit-uncertainty/src/processed/2014/F.N-2014-07-24-138159749601.txt,0.0,0.0,-0.0,8.0,7.0
7203.T,2014,05,08,/Users/min/brexit-uncertainty/src/processed/2014/7203.T-2014-05-08-137400952494.txt,0.0,0.0,-0.0,1.0,14.0
ULVR.L,2014,07,24,/Users/min/brexit-uncertainty/src/processed/2014/ULVR.L-2014-07-24-140808402012.txt,0.0,0.0,-0.0,5.0,59.0
KR.N,2014,12,04,/Users/min/brexit-uncertainty/src/processed/2014/KR.N-2014-12-04-139745706351.txt,0.0,0.0,-0.0,2.0,95.0
LLY.N,2014,01,30,/Users/min/brexit-uncertainty/src/processed/2014/LLY.N-2014-01-30-137733750751.txt,0.0,0.0,-0.0,5.0,30.0
JNJ.N,2014,04,15,/Users/min/brexit-uncertainty/src/processed/2014/JNJ.N-2014-04-15-138664397120.txt,0.0,0.0,-0.0,5.0,46.0
AZN.L,2014,11,06,/Users/min/brexit-uncertainty/src/processed/2014/AZN.L-2014-11-06-140898783729.txt,0.0,0.0,-0.0,9.0,37.0
F.N,2014,07,24,/Users/min/brexit-uncertainty/src/processed/2014/F.N-2014-07-24-138717199654.txt,0.0,0.0,-0.0,6.0,78.0
F.N,2014,01,28,/Users/min/brexit-uncertainty/src/processed/2014/F.N-2014-01-28-139897240330.txt,0.0,0.0,-0.0,2.0,-14.0
KR.N,2014,06,19,/Users/min/brexit-uncertainty/src/processed/2014/KR.N-2014-06-19-139422276709.txt,0.0,0.0,-0.0,1.0,99.0
BARC.L,2014,07,30,/Users/min/brexit-uncertainty/src/processed/2014/BARC.L-2014-07-30-137636642285.txt,0.0,0.0,-0.0,11.0,-22.0
KRFT.O,2014,07,30,/Users/min/brexit-uncertainty/src/processed/2014/KRFT.O-2014-07-30-140185835547.txt,0.0,0.0,-0.0,6.0,30.0
BARC.L,2014,02,11,/Users/min/brexit-uncertainty/src/processed/2014/BARC.L-2014-02-11-138655907391.txt,0.0,0.0,-0.0,19.0,22.0
LLY.N,2014,07,24,/Users/min/brexit-uncertainty/src/processed/2014/LLY.N-2014-07-24-139302271886.txt,0.0,0.0,-0.0,8.0,28.0
AZN.L,2015,04,24,/Users/min/brexit-uncertainty/src/processed/2015/AZN.L-2015-04-24-140431582871.txt,0.0,0.0,-0.0,6.0,62.0
LLY.N,2015,04,23,/Users/min/brexit-uncertainty/src/processed/2015/LLY.N-2015-04-23-140713304257.txt,0.0,0.0,-0.0,8.0,23.0
TSCO.L,2015,04,22,/Users/min/brexit-uncertainty/src/processed/2015/TSCO.L-2015-04-22-137805561180.txt,0.0,0.0,-0.0,12.0,-16.0
F.N,2015,07,28,/Users/min/brexit-uncertainty/src/processed/2015/F.N-2015-07-28-140012226175.txt,0.0,0.0,-0.0,1.0,157.0
TSCO.L,2014,10,23,/Users/min/brexit-uncertainty/src/processed/2015/TSCO.L-2014-10-23-137542173818.txt,0.0,0.0,-0.0,10.0,22.0
7203.T,2015,08,04,/Users/min/brexit-uncertainty/src/processed/2015/7203.T-2015-08-04-140791751302.txt,0.0,0.0,-0.0,1.0,1.0
BP.L,2015,04,28,/Users/min/brexit-uncertainty/src/processed/2015/BP.L-2015-04-28-139475239787.txt,0.0,0.0,-0.0,5.0,-3.0
TSCO.L,2015,10,07,/Users/min/brexit-uncertainty/src/processed/2015/TSCO.L-2015-10-07-138251553332.txt,0.0,0.0,-0.0,3.0,24.0
LLY.N,2015,10,22,/Users/min/brexit-uncertainty/src/processed/2015/LLY.N-2015-10-22-137893388025.txt,0.0,0.0,-0.0,8.0,-3.0
BARC.L,2015,03,03,/Users/min/brexit-uncertainty/src/processed/2015/BARC.L-2015-03-03-138384321356.txt,0.0,0.0,-0.0,15.0,89.0
7203.T,2015,02,04,/Users/min/brexit-uncertainty/src/processed/2015/7203.T-2015-02-04-139439109769.txt,0.0,0.0,-0.0,0.0,8.0
F.N,2015,04,28,/Users/min/brexit-uncertainty/src/processed/2015/F.N-2015-04-28-139443369260.txt,0.0,0.0,-0.0,1.0,115.0
KR.N,2015,09,11,/Users/min/brexit-uncertainty/src/processed/2015/KR.N-2015-09-11-137619808619.txt,0.0,0.0,-0.0,6.0,105.0
ULVR.L,2015,07,23,/Users/min/brexit-uncertainty/src/processed/2015/ULVR.L-2015-07-23-139751047647.txt,0.0,0.0,-0.0,4.0,134.0
F.N,2015,01,29,/Users/min/brexit-uncertainty/src/processed/2015/F.N-2015-01-29-137436592837.txt,0.0,0.0,-0.0,3.0,11.0
ULVR.L,2015,01,20,/Users/min/brexit-uncertainty/src/processed/2015/ULVR.L-2015-01-20-138947660542.txt,0.0,0.0,-0.0,4.0,75.0
AZN.L,2015,07,30,/Users/min/brexit-uncertainty/src/processed/2015/AZN.L-2015-07-30-138445210800.txt,0.0,0.0,-0.0,9.0,101.0
LLY.N,2015,01,30,/Users/min/brexit-uncertainty/src/processed/2015/LLY.N-2015-01-30-137517310943.txt,0.0,0.0,-0.0,2.0,-14.0
JNJ.N,2015,10,13,/Users/min/brexit-uncertainty/src/processed/2015/JNJ.N-2015-10-13-139787077995.txt,0.0,0.0,-0.0,2.0,130.0
TSCO.L,2015,10,08,/Users/min/brexit-uncertainty/src/processed/2015/TSCO.L-2015-10-08-140003986498.txt,0.0,0.0,-0.0,3.0,12.0
BARC.L,2015,07,29,/Users/min/brexit-uncertainty/src/processed/2015/BARC.L-2015-07-29-137866188805.txt,0.0,0.0,-0.0,18.0,41.0
BARC.L,2015,03,03,/Users/min/brexit-uncertainty/src/processed/2015/BARC.L-2015-03-03-139166396369.txt,0.0,0.0,-0.0,29.0,-19.0
TSCO.L,2014,04,16,/Users/min/brexit-uncertainty/src/processed/2015/TSCO.L-2014-04-16-138686263738.txt,0.0,0.0,-0.0,6.0,78.0
7203.T,2015,05,08,/Users/min/brexit-uncertainty/src/processed/2015/7203.T-2015-05-08-137972812952.txt,0.0,0.0,-0.0,0.0,8.0
KR.N,2015,03,05,/Users/min/brexit-uncertainty/src/processed/2015/KR.N-2015-03-05-139002642110.txt,0.0,0.0,-0.0,1.0,87.0
DPWGn.DE,2015,11,11,/Users/min/brexit-uncertainty/src/processed/2015/DPWGn.DE-2015-11-11-141150488050.txt,0.0,0.0,-0.0,7.0,112.0
AZN.L,2015,02,05,/Users/min/brexit-uncertainty/src/processed/2015/AZN.L-2015-02-05-141044206614.txt,0.0,0.0,-0.0,6.0,52.0
F.N,2015,01,29,/Users/min/brexit-uncertainty/src/processed/2015/F.N-2015-01-29-140721059283.txt,0.0,0.0,-0.0,5.0,72.0
DPWGn.DE,2015,08,06,/Users/min/brexit-uncertainty/src/processed/2015/DPWGn.DE-2015-08-06-140478938792.txt,0.0,0.0,-0.0,5.0,47.0
DPWGn.DE,2015,05,12,/Users/min/brexit-uncertainty/src/processed/2015/DPWGn.DE-2015-05-12-140182605509.txt,0.0,0.0,-0.0,3.0,76.0
LLY.N,2015,07,23,/Users/min/brexit-uncertainty/src/processed/2015/LLY.N-2015-07-23-138651090724.txt,0.0,0.0,-0.0,5.0,37.0
DPWGn.DE,2015,03,11,/Users/min/brexit-uncertainty/src/processed/2015/DPWGn.DE-2015-03-11-138978713502.txt,0.0,0.0,-0.0,8.0,110.0
JNJ.N,2015,07,14,/Users/min/brexit-uncertainty/src/processed/2015/JNJ.N-2015-07-14-137480098084.txt,0.0,0.0,-0.0,3.0,217.0
JNJ.N,2015,04,14,/Users/min/brexit-uncertainty/src/processed/2015/JNJ.N-2015-04-14-137872362613.txt,0.0,0.0,-0.0,2.0,57.0
KR.N,2015,12,03,/Users/min/brexit-uncertainty/src/processed/2015/KR.N-2015-12-03-138916625902.txt,0.0,0.0,-0.0,4.0,105.0
BP.L,2015,10,27,/Users/min/brexit-uncertainty/src/processed/2015/BP.L-2015-10-27-140581846900.txt,0.0,0.0,-0.0,11.0,146.0
KRFT.O,2015,02,12,/Users/min/brexit-uncertainty/src/processed/2015/KRFT.O-2015-02-12-139037742487.txt,0.0,0.0,-0.0,4.0,64.0
BP.L,2015,07,28,/Users/min/brexit-uncertainty/src/processed/2015/BP.L-2015-07-28-140305329388.txt,0.0,0.0,-0.0,10.0,22.0
F.N,2015,07,28,/Users/min/brexit-uncertainty/src/processed/2015/F.N-2015-07-28-140639958897.txt,0.0,0.0,-0.0,5.0,28.0
BARC.L,2015,07,29,/Users/min/brexit-uncertainty/src/processed/2015/BARC.L-2015-07-29-139564796657.txt,0.0,0.0,-0.0,13.0,72.0
AZN.L,2015,11,05,/Users/min/brexit-uncertainty/src/processed/2015/AZN.L-2015-11-05-138024575947.txt,0.0,0.0,-0.0,9.0,40.0
F.N,2015,04,28,/Users/min/brexit-uncertainty/src/processed/2015/F.N-2015-04-28-139523764395.txt,0.0,0.0,-0.0,1.0,-2.0
7203.T,2015,11,05,/Users/min/brexit-uncertainty/src/processed/2015/7203.T-2015-11-05-140840443514.txt,0.0,0.0,-0.0,0.0,14.0
F.N,2015,10,27,/Users/min/brexit-uncertainty/src/processed/2015/F.N-2015-10-27-137308693489.txt,0.0,0.0,-0.0,1.0,158.0
KR.N,2015,06,18,/Users/min/brexit-uncertainty/src/processed/2015/KR.N-2015-06-18-139232474166.txt,0.0,0.0,-0.0,4.0,112.0
JNJ.N,2015,01,20,/Users/min/brexit-uncertainty/src/processed/2015/JNJ.N-2015-01-20-140647850378.txt,0.0,0.0,-0.0,4.0,191.0
BP.L,2015,02,03,/Users/min/brexit-uncertainty/src/processed/2015/BP.L-2015-02-03-139943305925.txt,0.0,0.0,-0.0,11.0,42.0
F.N,2015,10,27,/Users/min/brexit-uncertainty/src/processed/2015/F.N-2015-10-27-137578070606.txt,0.0,0.0,-0.0,1.0,34.0
KHC.OQ,2017,02,15,/Users/min/brexit-uncertainty/src/processed/2017/KHC.OQ-2017-02-15-139150056386.txt,0.0,0.0,-0.0,6.0,128.0
BP.L,2017,05,02,/Users/min/brexit-uncertainty/src/processed/2017/BP.L-2017-05-02-140077917104.txt,0.0,0.0,-0.0,3.0,20.0
KR.N,2017,09,08,/Users/min/brexit-uncertainty/src/processed/2017/KR.N-2017-09-08-139332442878.txt,0.0,0.0,-0.0,3.0,80.0
AZN.L,2017,02,02,/Users/min/brexit-uncertainty/src/processed/2017/AZN.L-2017-02-02-140607754798.txt,0.0,0.0,-0.0,12.0,103.0
JNJ.N,2017,04,18,/Users/min/brexit-uncertainty/src/processed/2017/JNJ.N-2017-04-18-139863288812.txt,0.0,0.0,-0.0,3.0,34.0
7203.T,2017,11,07,/Users/min/brexit-uncertainty/src/processed/2017/7203.T-2017-11-07-139563770726.txt,0.0,0.0,-0.0,0.0,4.0
F.N,2017,01,26,/Users/min/brexit-uncertainty/src/processed/2017/F.N-2017-01-26-139159806156.txt,6.69254450542096e-05,0.0,-0.0,5.0,114.0
LLY.N,2017,04,25,/Users/min/brexit-uncertainty/src/processed/2017/LLY.N-2017-04-25-138399030694.txt,0.0,0.0,-0.0,5.0,57.0
LLY.N,2017,10,24,/Users/min/brexit-uncertainty/src/processed/2017/LLY.N-2017-10-24-139538448754.txt,0.0,0.0,-0.0,6.0,30.0
ULVR.L,2017,01,26,/Users/min/brexit-uncertainty/src/processed/2017/ULVR.L-2017-01-26-137807207448.txt,9.674922600619196e-05,0.0,-0.0,3.0,81.0
F.N,2017,01,26,/Users/min/brexit-uncertainty/src/processed/2017/F.N-2017-01-26-141181459722.txt,0.0,0.0,-0.0,4.0,0.0
BARC.L,2017,10,26,/Users/min/brexit-uncertainty/src/processed/2017/BARC.L-2017-10-26-137754650048.txt,0.0010188833038989268,0.0,72.44444444444444,7.0,-143.44444444444446
BP.L,2017,08,01,/Users/min/brexit-uncertainty/src/processed/2017/BP.L-2017-08-01-137775070066.txt,0.0,0.0,-0.0,3.0,31.0
KR.N,2017,03,02,/Users/min/brexit-uncertainty/src/processed/2017/KR.N-2017-03-02-137268985869.txt,0.0,0.0,-0.0,3.0,56.0
KHC.OQ,2017,11,01,/Users/min/brexit-uncertainty/src/processed/2017/KHC.OQ-2017-11-01-138744889212.txt,0.0,0.0,-0.0,7.0,105.0
DPWGn.DE,2017,05,11,/Users/min/brexit-uncertainty/src/processed/2017/DPWGn.DE-2017-05-11-139196110732.txt,0.0,0.0,-0.0,11.0,140.0
DPWGn.DE,2017,08,08,/Users/min/brexit-uncertainty/src/processed/2017/DPWGn.DE-2017-08-08-139817232520.txt,0.0,0.0,-0.0,2.0,32.0
7203.T,2017,08,04,/Users/min/brexit-uncertainty/src/processed/2017/7203.T-2017-08-04-140487691474.txt,0.0,0.0,-0.0,0.0,8.0
F.N,2017,04,27,/Users/min/brexit-uncertainty/src/processed/2017/F.N-2017-04-27-140902625025.txt,0.00014151277152763038,0.0,-0.0,5.0,49.0
KR.N,2017,11,30,/Users/min/brexit-uncertainty/src/processed/2017/KR.N-2017-11-30-139233726377.txt,0.0,0.0,-0.0,1.0,71.0
TSCO.L,2017,04,12,/Users/min/brexit-uncertainty/src/processed/2017/TSCO.L-2017-04-12-140153460189.txt,0.0,0.0,-0.0,8.0,144.0
DPWGn.DE,2017,03,08,/Users/min/brexit-uncertainty/src/processed/2017/DPWGn.DE-2017-03-08-139183886140.txt,0.0,0.0,-0.0,10.0,123.0
BP.L,2017,02,07,/Users/min/brexit-uncertainty/src/processed/2017/BP.L-2017-02-07-139063378142.txt,0.0,0.0,-0.0,17.0,30.0
TSCO.L,2017,10,04,/Users/min/brexit-uncertainty/src/processed/2017/TSCO.L-2017-10-04-138456938442.txt,0.0,0.0,-0.0,0.0,161.0
BARC.L,2017,02,23,/Users/min/brexit-uncertainty/src/processed/2017/BARC.L-2017-02-23-138555219749.txt,0.00039375246095288093,0.0,-36.22222222222222,10.0,66.22222222222223
JNJ.N,2017,01,24,/Users/min/brexit-uncertainty/src/processed/2017/JNJ.N-2017-01-24-137993682362.txt,0.0,0.0,-0.0,1.0,161.0
KR.N,2017,06,15,/Users/min/brexit-uncertainty/src/processed/2017/KR.N-2017-06-15-137028455557.txt,0.0,0.0,-0.0,0.0,102.0
BARC.L,2017,07,28,/Users/min/brexit-uncertainty/src/processed/2017/BARC.L-2017-07-28-138477306147.txt,0.0004520795660036166,0.0,-0.0,13.0,22.0
AZN.L,2017,11,09,/Users/min/brexit-uncertainty/src/processed/2017/AZN.L-2017-11-09-138610867690.txt,0.0,0.0,-0.0,6.0,58.0
7203.T,2017,02,06,/Users/min/brexit-uncertainty/src/processed/2017/7203.T-2017-02-06-139401254994.txt,0.0,0.0,-0.0,0.0,-1.0
DPWGn.DE,2017,11,09,/Users/min/brexit-uncertainty/src/processed/2017/DPWGn.DE-2017-11-09-136901510295.txt,0.0,0.0,-0.0,7.0,145.0
JNJ.N,2017,10,17,/Users/min/brexit-uncertainty/src/processed/2017/JNJ.N-2017-10-17-137387649725.txt,0.0,0.0,-0.0,4.0,64.0
AZN.L,2017,04,27,/Users/min/brexit-uncertainty/src/processed/2017/AZN.L-2017-04-27-139861839552.txt,0.0,0.0,-0.0,6.0,29.0
BARC.L,2017,07,28,/Users/min/brexit-uncertainty/src/processed/2017/BARC.L-2017-07-28-141010579615.txt,0.0003728282752963985,0.0,-0.0,15.0,74.0
TSCO.L,2017,10,04,/Users/min/brexit-uncertainty/src/processed/2017/TSCO.L-2017-10-04-139408526789.txt,0.0,0.0,-0.0,2.0,45.0
7203.T,2017,05,10,/Users/min/brexit-uncertainty/src/processed/2017/7203.T-2017-05-10-139668947849.txt,0.0,0.0,-0.0,0.0,-5.0
7203.T,2017,05,10,/Users/min/brexit-uncertainty/src/processed/2017/7203.T-2017-05-10-141025822521.txt,0.00011199462425803562,0.0,-0.0,3.0,23.0
BARC.L,2017,02,23,/Users/min/brexit-uncertainty/src/processed/2017/BARC.L-2017-02-23-139508609743.txt,0.0006458557588805167,14.818181818181818,-0.0,13.181818181818182,67.0
BP.L,2017,10,31,/Users/min/brexit-uncertainty/src/processed/2017/BP.L-2017-10-31-139164490157.txt,0.0,0.0,-0.0,5.0,53.0
AZN.L,2017,07,27,/Users/min/brexit-uncertainty/src/processed/2017/AZN.L-2017-07-27-137003893218.txt,0.0,0.0,-0.0,16.0,76.0
F.N,2017,07,26,/Users/min/brexit-uncertainty/src/processed/2017/F.N-2017-07-26-138852696142.txt,0.0005328912309787436,0.0,-18.11111111111111,9.0,106.11111111111111
KHC.OQ,2017,05,03,/Users/min/brexit-uncertainty/src/processed/2017/KHC.OQ-2017-05-03-139224781261.txt,0.0,0.0,-0.0,7.0,21.0
JNJ.N,2017,07,18,/Users/min/brexit-uncertainty/src/processed/2017/JNJ.N-2017-07-18-137992811209.txt,0.0,0.0,-0.0,5.0,96.0
F.N,2017,10,26,/Users/min/brexit-uncertainty/src/processed/2017/F.N-2017-10-26-137075183639.txt,0.00010510826150935464,0.0,-0.0,7.0,71.0
LLY.N,2017,07,25,/Users/min/brexit-uncertainty/src/processed/2017/LLY.N-2017-07-25-137807180604.txt,0.0,0.0,-0.0,7.0,43.0
KHC.OQ,2017,08,03,/Users/min/brexit-uncertainty/src/processed/2017/KHC.OQ-2017-08-03-140749085059.txt,0.0,0.0,-0.0,2.0,102.0
LLY.N,2017,01,31,/Users/min/brexit-uncertainty/src/processed/2017/LLY.N-2017-01-31-137441172831.txt,0.0,0.0,-0.0,8.0,48.0
ULVR.L,2017,07,20,/Users/min/brexit-uncertainty/src/processed/2017/ULVR.L-2017-07-20-140135791033.txt,0.0,0.0,-0.0,4.0,73.0
LLY.N,2019,02,06,/Users/min/brexit-uncertainty/src/processed/2019/LLY.N-2019-02-06-140088837896.txt,0.0,0.0,-0.0,5.0,83.0
KOG.OL,2019,05,10,/Users/min/brexit-uncertainty/src/processed/2019/KOG.OL-2019-05-10-137346143655.txt,0.0,0.0,-0.0,0.0,49.0
7203.T,2019,05,08,/Users/min/brexit-uncertainty/src/processed/2019/7203.T-2019-05-08-138939651844.txt,0.0,0.0,-0.0,1.0,27.0
TOM.OL,2019,02,21,/Users/min/brexit-uncertainty/src/processed/2019/TOM.OL-2019-02-21-138888621846.txt,0.0,0.0,-0.0,2.0,92.0
KHC.OQ,2019,02,21,/Users/min/brexit-uncertainty/src/processed/2019/KHC.OQ-2019-02-21-140314231361.txt,0.0,0.0,-0.0,5.0,61.0
BARC.L,2019,04,25,/Users/min/brexit-uncertainty/src/processed/2019/BARC.L-2019-04-25-137056220423.txt,0.0003082930839584832,14.818181818181818,-0.0,6.181818181818182,-37.0
BP.L,2019,02,05,/Users/min/brexit-uncertainty/src/processed/2019/BP.L-2019-02-05-138858991149.txt,0.0,0.0,-0.0,8.0,114.0
BARC.L,2019,02,21,/Users/min/brexit-uncertainty/src/processed/2019/BARC.L-2019-02-21-137134037881.txt,0.0010047558443298278,14.818181818181818,36.22222222222222,4.181818181818182,-40.22222222222222
JNJ.N,2019,01,22,/Users/min/brexit-uncertainty/src/processed/2019/JNJ.N-2019-01-22-138029201937.txt,0.0,0.0,-0.0,0.0,233.0
AZN.L,2019,07,25,/Users/min/brexit-uncertainty/src/processed/2019/AZN.L-2019-07-25-137970689871.txt,0.0,0.0,-0.0,9.0,92.0
ULVR.L,2019,07,25,/Users/min/brexit-uncertainty/src/processed/2019/ULVR.L-2019-07-25-137464844184.txt,0.0,0.0,-0.0,4.0,41.0
BARC.L,2019,08,01,/Users/min/brexit-uncertainty/src/processed/2019/BARC.L-2019-08-01-138007292005.txt,0.0010272799908686223,0.0,-0.0,15.0,29.0
F.N,2019,07,24,/Users/min/brexit-uncertainty/src/processed/2019/F.N-2019-07-24-138602776053.txt,0.0,0.0,-0.0,1.0,111.0
BARC.L,2019,08,01,/Users/min/brexit-uncertainty/src/processed/2019/BARC.L-2019-08-01-140588594629.txt,0.000501336898395722,0.0,-18.11111111111111,21.0,14.11111111111111
7203.T,2019,11,07,/Users/min/brexit-uncertainty/src/processed/2019/7203.T-2019-11-07-137348800005.txt,0.0,0.0,-0.0,0.0,23.0
BP.L,2019,04,30,/Users/min/brexit-uncertainty/src/processed/2019/BP.L-2019-04-30-140899066419.txt,0.0,0.0,-0.0,3.0,0.0
F.N,2019,01,23,/Users/min/brexit-uncertainty/src/processed/2019/F.N-2019-01-23-138155475020.txt,0.0,0.0,-0.0,4.0,46.0
DPWGn.DE,2019,08,06,/Users/min/brexit-uncertainty/src/processed/2019/DPWGn.DE-2019-08-06-140186682809.txt,0.0,0.0,-0.0,4.0,19.0
BP.L,2019,07,30,/Users/min/brexit-uncertainty/src/processed/2019/BP.L-2019-07-30-140006257159.txt,0.0,0.0,-0.0,5.0,23.0
BARC.L,2019,02,21,/Users/min/brexit-uncertainty/src/processed/2019/BARC.L-2019-02-21-139769495099.txt,0.0012162035737674245,14.818181818181818,144.88888888888889,-4.818181818181818,-161.88888888888889
BARC.L,2019,10,25,/Users/min/brexit-uncertainty/src/processed/2019/BARC.L-2019-10-25-139941258881.txt,0.0003587122231190028,29.636363636363637,-0.0,-6.636363636363637,19.0
KR.N,2019,03,07,/Users/min/brexit-uncertainty/src/processed/2019/KR.N-2019-03-07-138177519031.txt,0.0,0.0,-0.0,2.0,94.0
DPWGn.DE,2019,05,10,/Users/min/brexit-uncertainty/src/processed/2019/DPWGn.DE-2019-05-10-140336877713.txt,0.0,0.0,-0.0,1.0,55.0
JNJ.N,2019,10,15,/Users/min/brexit-uncertainty/src/processed/2019/JNJ.N-2019-10-15-137694353980.txt,0.0,0.0,-0.0,2.0,147.0
DPWGn.DE,2019,11,12,/Users/min/brexit-uncertainty/src/processed/2019/DPWGn.DE-2019-11-12-138262439132.txt,0.0,0.0,-0.0,4.0,43.0
TOM.OL,2019,05,07,/Users/min/brexit-uncertainty/src/processed/2019/TOM.OL-2019-05-07-140690402676.txt,0.0,0.0,-0.0,1.0,15.0
JNJ.N,2019,07,16,/Users/min/brexit-uncertainty/src/processed/2019/JNJ.N-2019-07-16-138075438945.txt,8.753501400560224e-05,0.0,-0.0,4.0,121.0
KOG.OL,2019,02,14,/Users/min/brexit-uncertainty/src/processed/2019/KOG.OL-2019-02-14-136925430490.txt,0.0,0.0,-0.0,1.0,46.0
LLY.N,2019,10,23,/Users/min/brexit-uncertainty/src/processed/2019/LLY.N-2019-10-23-140944963785.txt,0.0,0.0,-0.0,0.0,87.0
LLY.N,2019,07,30,/Users/min/brexit-uncertainty/src/processed/2019/LLY.N-2019-07-30-137138470956.txt,0.0,0.0,-0.0,5.0,104.0
KR.N,2019,06,20,/Users/min/brexit-uncertainty/src/processed/2019/KR.N-2019-06-20-140992246495.txt,0.0,0.0,-0.0,4.0,126.0
KHC.OQ,2019,08,08,/Users/min/brexit-uncertainty/src/processed/2019/KHC.OQ-2019-08-08-139485880460.txt,0.0,0.0,-0.0,16.0,52.0
7203.T,2019,08,02,/Users/min/brexit-uncertainty/src/processed/2019/7203.T-2019-08-02-137239091987.txt,0.0,0.0,-0.0,0.0,26.0
ULVR.L,2019,01,31,/Users/min/brexit-uncertainty/src/processed/2019/ULVR.L-2019-01-31-141070763691.txt,0.00010950503723171266,0.0,-0.0,3.0,40.0
BP.L,2019,10,29,/Users/min/brexit-uncertainty/src/processed/2019/BP.L-2019-10-29-140198194362.txt,0.0,0.0,-0.0,5.0,-8.0
AZN.L,2019,04,26,/Users/min/brexit-uncertainty/src/processed/2019/AZN.L-2019-04-26-138256479977.txt,0.0,0.0,-0.0,6.0,106.0
TSCO.L,2019,04,10,/Users/min/brexit-uncertainty/src/processed/2019/TSCO.L-2019-04-10-137718781992.txt,7.141836880445651e-05,0.0,-0.0,3.0,177.0
F.N,2019,04,25,/Users/min/brexit-uncertainty/src/processed/2019/F.N-2019-04-25-138088767247.txt,0.0,0.0,-0.0,1.0,140.0
KR.N,2019,12,05,/Users/min/brexit-uncertainty/src/processed/2019/KR.N-2019-12-05-137797929597.txt,0.0,0.0,-0.0,4.0,139.0
AZN.L,2019,10,24,/Users/min/brexit-uncertainty/src/processed/2019/AZN.L-2019-10-24-137468981662.txt,0.0,0.0,-0.0,12.0,70.0
KOG.OL,2019,08,28,/Users/min/brexit-uncertainty/src/processed/2019/KOG.OL-2019-08-28-141056812910.txt,0.00029239766081871346,0.0,-0.0,5.0,32.0
KR.N,2019,09,12,/Users/min/brexit-uncertainty/src/processed/2019/KR.N-2019-09-12-139268889101.txt,0.0,0.0,-0.0,1.0,114.0
F.N,2019,10,23,/Users/min/brexit-uncertainty/src/processed/2019/F.N-2019-10-23-138807087346.txt,0.0,0.0,-0.0,2.0,78.0
JNJ.N,2019,04,16,/Users/min/brexit-uncertainty/src/processed/2019/JNJ.N-2019-04-16-140384907986.txt,0.0,0.0,-0.0,4.0,102.0
LLY.N,2019,04,30,/Users/min/brexit-uncertainty/src/processed/2019/LLY.N-2019-04-30-138485347021.txt,0.0,0.0,-0.0,3.0,79.0
KHC.OQ,2019,10,31,/Users/min/brexit-uncertainty/src/processed/2019/KHC.OQ-2019-10-31-140487257150.txt,0.0,0.0,-0.0,4.0,62.0
7203.T,2019,05,08,/Users/min/brexit-uncertainty/src/processed/2019/7203.T-2019-05-08-136936358695.txt,0.0,0.0,-0.0,5.0,32.0
AZN.L,2019,02,14,/Users/min/brexit-uncertainty/src/processed/2019/AZN.L-2019-02-14-137847319056.txt,0.0002692333580130578,0.0,-18.11111111111111,6.0,171.11111111111111
KOG.OL,2019,10,30,/Users/min/brexit-uncertainty/src/processed/2019/KOG.OL-2019-10-30-140723049051.txt,0.0,0.0,-0.0,1.0,51.0
TOM.OL,2019,07,19,/Users/min/brexit-uncertainty/src/processed/2019/TOM.OL-2019-07-19-137294854296.txt,0.0,0.0,-0.0,4.0,36.0
7203.T,2019,02,05,/Users/min/brexit-uncertainty/src/processed/2019/7203.T-2019-02-05-137602218418.txt,0.0,0.0,-0.0,0.0,22.0
TOM.OL,2019,10,21,/Users/min/brexit-uncertainty/src/processed/2019/TOM.OL-2019-10-21-139481695857.txt,0.0004123286259148541,0.0,-18.11111111111111,8.0,54.111111111111114
DPWGn.DE,2019,03,07,/Users/min/brexit-uncertainty/src/processed/2019/DPWGn.DE-2019-03-07-140637520375.txt,0.0001456133964324718,0.0,-36.22222222222222,6.0,133.22222222222223
TSCO.L,2019,10,02,/Users/min/brexit-uncertainty/src/processed/2019/TSCO.L-2019-10-02-138158252738.txt,0.0002116700769067946,0.0,-18.11111111111111,2.0,169.11111111111111
JNJ.N,2021,01,26,/Users/min/brexit-uncertainty/src/processed/2021/JNJ.N-2021-01-26-139980826172.txt,0.0,0.0,-0.0,8.0,107.0
BARC.L,2021,07,28,/Users/min/brexit-uncertainty/src/processed/2021/BARC.L-2021-07-28-138002623372.txt,0.0,0.0,-0.0,24.0,-45.0
TSCO.L,2021,10,06,/Users/min/brexit-uncertainty/src/processed/2021/TSCO.L-2021-10-06-137929746833.txt,0.0,0.0,-0.0,5.0,161.0
BP.L,2021,02,02,/Users/min/brexit-uncertainty/src/processed/2021/BP.L-2021-02-02-139480068568.txt,0.0,0.0,-0.0,11.0,49.0
DPWGn.DE,2021,03,09,/Users/min/brexit-uncertainty/src/processed/2021/DPWGn.DE-2021-03-09-140918111158.txt,0.0,0.0,-0.0,4.0,112.0
DPWGn.DE,2021,05,05,/Users/min/brexit-uncertainty/src/processed/2021/DPWGn.DE-2021-05-05-139866438205.txt,0.0,0.0,-0.0,2.0,97.0
F.N,2021,10,27,/Users/min/brexit-uncertainty/src/processed/2021/F.N-2021-10-27-139837027508.txt,0.0,0.0,-0.0,4.0,69.0
KHC.OQ,2021,02,11,/Users/min/brexit-uncertainty/src/processed/2021/KHC.OQ-2021-02-11-138614489653.txt,0.0,0.0,-0.0,1.0,23.0
KHC.OQ,2021,04,29,/Users/min/brexit-uncertainty/src/processed/2021/KHC.OQ-2021-04-29-137635967098.txt,0.0,0.0,-0.0,2.0,114.0
FMC.N,2021,11,03,/Users/min/brexit-uncertainty/src/processed/2021/FMC.N-2021-11-03-140361564637.txt,0.0,0.0,-0.0,3.0,46.0
KHC.OQ,2021,10,27,/Users/min/brexit-uncertainty/src/processed/2021/KHC.OQ-2021-10-27-138612324864.txt,0.0,0.0,-0.0,3.0,66.0
FMC.N,2021,05,06,/Users/min/brexit-uncertainty/src/processed/2021/FMC.N-2021-05-06-139172749082.txt,0.00025040691123075,0.0,-0.0,3.0,31.0
7203.T,2021,05,12,/Users/min/brexit-uncertainty/src/processed/2021/7203.T-2021-05-12-139630907190.txt,0.0,0.0,-0.0,1.0,-7.0
AZN.L,2021,11,12,/Users/min/brexit-uncertainty/src/processed/2021/AZN.L-2021-11-12-139620242953.txt,0.0,0.0,-0.0,12.0,53.0
KR.N,2021,09,10,/Users/min/brexit-uncertainty/src/processed/2021/KR.N-2021-09-10-139288490414.txt,0.0,0.0,-0.0,2.0,107.0
KR.N,2021,06,17,/Users/min/brexit-uncertainty/src/processed/2021/KR.N-2021-06-17-139812267373.txt,0.0,0.0,-0.0,3.0,129.0
LLY.N,2021,08,03,/Users/min/brexit-uncertainty/src/processed/2021/LLY.N-2021-08-03-137374853518.txt,0.0,0.0,-0.0,7.0,84.0
LLY.N,2021,04,27,/Users/min/brexit-uncertainty/src/processed/2021/LLY.N-2021-04-27-138184403598.txt,0.0,0.0,-0.0,8.0,124.0
TSCO.L,2021,04,14,/Users/min/brexit-uncertainty/src/processed/2021/TSCO.L-2021-04-14-139798260519.txt,0.0,0.0,-0.0,17.0,164.0
KOG.OL,2021,10,29,/Users/min/brexit-uncertainty/src/processed/2021/KOG.OL-2021-10-29-140534143223.txt,0.0,0.0,-0.0,4.0,99.0
ULVR.L,2021,07,22,/Users/min/brexit-uncertainty/src/processed/2021/ULVR.L-2021-07-22-136967664645.txt,0.0,0.0,-0.0,1.0,34.0
AZN.L,2021,07,29,/Users/min/brexit-uncertainty/src/processed/2021/AZN.L-2021-07-29-137528953108.txt,0.0,0.0,-0.0,9.0,48.0
7203.T,2021,02,09,/Users/min/brexit-uncertainty/src/processed/2021/7203.T-2021-02-09-140236712146.txt,0.0,0.0,-0.0,2.0,23.0
JNJ.N,2021,07,21,/Users/min/brexit-uncertainty/src/processed/2021/JNJ.N-2021-07-21-137639269649.txt,0.0,0.0,-0.0,7.0,153.0
DPWGn.DE,2021,01,13,/Users/min/brexit-uncertainty/src/processed/2021/DPWGn.DE-2021-01-13-139909748560.txt,0.0,0.0,-0.0,1.0,58.0
F.N,2021,07,28,/Users/min/brexit-uncertainty/src/processed/2021/F.N-2021-07-28-140850050543.txt,0.0,0.0,-0.0,7.0,80.0
BARC.L,2021,10,21,/Users/min/brexit-uncertainty/src/processed/2021/BARC.L-2021-10-21-137080115569.txt,0.0,0.0,-0.0,11.0,42.0
KOG.OL,2021,04,30,/Users/min/brexit-uncertainty/src/processed/2021/KOG.OL-2021-04-30-138211536072.txt,0.0,0.0,-0.0,0.0,45.0
KOG.OL,2021,07,14,/Users/min/brexit-uncertainty/src/processed/2021/KOG.OL-2021-07-14-137003984680.txt,0.0,0.0,-0.0,5.0,53.0
BARC.L,2021,02,18,/Users/min/brexit-uncertainty/src/processed/2021/BARC.L-2021-02-18-139939727715.txt,0.0001491869312248247,0.0,-0.0,11.0,-10.0
LLY.N,2021,10,26,/Users/min/brexit-uncertainty/src/processed/2021/LLY.N-2021-10-26-141160645820.txt,0.0,0.0,-0.0,5.0,57.0
BARC.L,2021,07,28,/Users/min/brexit-uncertainty/src/processed/2021/BARC.L-2021-07-28-140697437431.txt,6.951685783802571e-05,0.0,18.11111111111111,16.0,24.88888888888889
F.N,2021,02,04,/Users/min/brexit-uncertainty/src/processed/2021/F.N-2021-02-04-140167142983.txt,0.0,0.0,-0.0,1.0,102.0
FMC.N,2021,02,10,/Users/min/brexit-uncertainty/src/processed/2021/FMC.N-2021-02-10-137842712583.txt,0.000416276407534603,0.0,-18.11111111111111,7.0,68.11111111111111
KR.N,2021,03,04,/Users/min/brexit-uncertainty/src/processed/2021/KR.N-2021-03-04-139923494908.txt,0.0,0.0,-0.0,3.0,115.0
FMC.N,2021,08,04,/Users/min/brexit-uncertainty/src/processed/2021/FMC.N-2021-08-04-138722673669.txt,0.0,0.0,-0.0,8.0,20.0
KOG.OL,2021,02,11,/Users/min/brexit-uncertainty/src/processed/2021/KOG.OL-2021-02-11-140379559521.txt,0.0,0.0,-0.0,6.0,61.0
LLY.N,2021,01,29,/Users/min/brexit-uncertainty/src/processed/2021/LLY.N-2021-01-29-138750397504.txt,0.0,0.0,-0.0,7.0,65.0
7203.T,2021,05,12,/Users/min/brexit-uncertainty/src/processed/2021/7203.T-2021-05-12-139643392538.txt,0.0,0.0,-0.0,1.0,75.0
JNJ.N,2021,10,19,/Users/min/brexit-uncertainty/src/processed/2021/JNJ.N-2021-10-19-139718474482.txt,0.0,0.0,-0.0,6.0,62.0
AZN.L,2021,04,30,/Users/min/brexit-uncertainty/src/processed/2021/AZN.L-2021-04-30-138869044310.txt,0.0,0.0,-0.0,11.0,92.0
BARC.L,2021,04,30,/Users/min/brexit-uncertainty/src/processed/2021/BARC.L-2021-04-30-139099865053.txt,0.0,0.0,-0.0,31.0,27.0
BP.L,2021,04,27,/Users/min/brexit-uncertainty/src/processed/2021/BP.L-2021-04-27-137837967306.txt,0.0,0.0,-0.0,27.0,94.0
KHC.OQ,2021,04,29,/Users/min/brexit-uncertainty/src/processed/2021/KHC.OQ-2021-04-29-141037856531.txt,0.0,0.0,-0.0,3.0,42.0
BP.L,2021,08,03,/Users/min/brexit-uncertainty/src/processed/2021/BP.L-2021-08-03-140040846110.txt,0.0,0.0,-0.0,11.0,93.0
DPWGn.DE,2021,11,04,/Users/min/brexit-uncertainty/src/processed/2021/DPWGn.DE-2021-11-04-139068321176.txt,0.0,0.0,-0.0,6.0,121.0
ULVR.L,2021,02,04,/Users/min/brexit-uncertainty/src/processed/2021/ULVR.L-2021-02-04-138912849418.txt,0.0,0.0,-0.0,6.0,157.0
BARC.L,2021,02,18,/Users/min/brexit-uncertainty/src/processed/2021/BARC.L-2021-02-18-140222004923.txt,0.00014098406880022558,0.0,-0.0,18.0,-15.0
7203.T,2021,11,04,/Users/min/brexit-uncertainty/src/processed/2021/7203.T-2021-11-04-141058258834.txt,0.0,0.0,-0.0,8.0,-16.0
KR.N,2021,12,02,/Users/min/brexit-uncertainty/src/processed/2021/KR.N-2021-12-02-140350880243.txt,0.0,0.0,-0.0,3.0,119.0
KHC.OQ,2021,10,27,/Users/min/brexit-uncertainty/src/processed/2021/KHC.OQ-2021-10-27-138314596885.txt,0.0,0.0,-0.0,2.0,72.0
KHC.OQ,2021,08,04,/Users/min/brexit-uncertainty/src/processed/2021/KHC.OQ-2021-08-04-138024335421.txt,0.0,0.0,-0.0,3.0,45.0
KHC.OQ,2021,08,04,/Users/min/brexit-uncertainty/src/processed/2021/KHC.OQ-2021-08-04-138136117523.txt,0.0,0.0,-0.0,1.0,91.0
DPWGn.DE,2021,08,05,/Users/min/brexit-uncertainty/src/processed/2021/DPWGn.DE-2021-08-05-137277344299.txt,0.0,0.0,-0.0,3.0,117.0
AZN.L,2021,02,11,/Users/min/brexit-uncertainty/src/processed/2021/AZN.L-2021-02-11-137220177204.txt,0.0,0.0,-0.0,10.0,111.0
BP.L,2021,11,02,/Users/min/brexit-uncertainty/src/processed/2021/BP.L-2021-11-02-140773655055.txt,0.0,0.0,-0.0,14.0,92.0
JNJ.N,2021,04,20,/Users/min/brexit-uncertainty/src/processed/2021/JNJ.N-2021-04-20-141059202074.txt,0.0,0.0,-0.0,12.0,94.0
F.N,2021,04,28,/Users/min/brexit-uncertainty/src/processed/2021/F.N-2021-04-28-137962162568.txt,0.0,0.0,-0.0,3.0,100.0
LLY.N,2020,04,23,/Users/min/brexit-uncertainty/src/processed/2020/LLY.N-2020-04-23-139108627193.txt,0.0,0.0,-0.0,18.0,-10.0
F.N,2020,02,04,/Users/min/brexit-uncertainty/src/processed/2020/F.N-2020-02-04-138998574025.txt,0.0,0.0,-0.0,2.0,63.0
KHC.OQ,2020,07,30,/Users/min/brexit-uncertainty/src/processed/2020/KHC.OQ-2020-07-30-140972277211.txt,0.0,0.0,-0.0,4.0,106.0
KOG.OL,2020,02,12,/Users/min/brexit-uncertainty/src/processed/2020/KOG.OL-2020-02-12-138772461294.txt,0.0,0.0,-0.0,4.0,70.0
AZN.L,2020,02,14,/Users/min/brexit-uncertainty/src/processed/2020/AZN.L-2020-02-14-139870628566.txt,0.0,0.0,-0.0,10.0,158.0
AZN.L,2020,07,30,/Users/min/brexit-uncertainty/src/processed/2020/AZN.L-2020-07-30-139316097786.txt,0.0,0.0,-0.0,14.0,46.0
DPWGn.DE,2020,08,05,/Users/min/brexit-uncertainty/src/processed/2020/DPWGn.DE-2020-08-05-137573036291.txt,0.0,0.0,-0.0,0.0,81.0
LLY.N,2020,07,30,/Users/min/brexit-uncertainty/src/processed/2020/LLY.N-2020-07-30-139391287935.txt,0.0,0.0,-0.0,17.0,23.0
ULVR.L,2020,01,30,/Users/min/brexit-uncertainty/src/processed/2020/ULVR.L-2020-01-30-139379330974.txt,7.969397513547975e-05,0.0,-0.0,3.0,87.0
DPWGn.DE,2020,11,10,/Users/min/brexit-uncertainty/src/processed/2020/DPWGn.DE-2020-11-10-140649475870.txt,0.0,0.0,-0.0,5.0,82.0
DPWGn.DE,2020,05,12,/Users/min/brexit-uncertainty/src/processed/2020/DPWGn.DE-2020-05-12-140530279479.txt,0.0,0.0,-0.0,9.0,12.0
F.N,2020,04,28,/Users/min/brexit-uncertainty/src/processed/2020/F.N-2020-04-28-139082869298.txt,0.0,0.0,-0.0,2.0,13.0
KOG.OL,2020,05,08,/Users/min/brexit-uncertainty/src/processed/2020/KOG.OL-2020-05-08-140760993097.txt,0.0,0.0,-0.0,9.0,24.0
KHC.OQ,2020,04,30,/Users/min/brexit-uncertainty/src/processed/2020/KHC.OQ-2020-04-30-140050859308.txt,0.0,0.0,-0.0,16.0,49.0
LLY.N,2020,01,30,/Users/min/brexit-uncertainty/src/processed/2020/LLY.N-2020-01-30-138940828135.txt,0.0,0.0,-0.0,8.0,83.0
LLY.N,2020,10,27,/Users/min/brexit-uncertainty/src/processed/2020/LLY.N-2020-10-27-138378123361.txt,0.0,0.0,-0.0,9.0,44.0
BP.L,2020,08,04,/Users/min/brexit-uncertainty/src/processed/2020/BP.L-2020-08-04-137804228576.txt,0.0,0.0,-0.0,24.0,107.0
AZN.L,2020,04,29,/Users/min/brexit-uncertainty/src/processed/2020/AZN.L-2020-04-29-138376894593.txt,0.0,0.0,-0.0,11.0,55.0
7203.T,2020,11,05,/Users/min/brexit-uncertainty/src/processed/2020/7203.T-2020-11-05-138417859589.txt,0.0,0.0,-0.0,6.0,24.0
JNJ.N,2020,04,14,/Users/min/brexit-uncertainty/src/processed/2020/JNJ.N-2020-04-14-139742171651.txt,6.661337596589395e-05,0.0,-0.0,13.0,54.0
KR.N,2020,09,11,/Users/min/brexit-uncertainty/src/processed/2020/KR.N-2020-09-11-137466655890.txt,0.0,0.0,-0.0,2.0,120.0
TSCO.L,2020,04,08,/Users/min/brexit-uncertainty/src/processed/2020/TSCO.L-2020-04-08-141123829216.txt,0.0,0.0,-0.0,3.0,4.0
KR.N,2020,03,05,/Users/min/brexit-uncertainty/src/processed/2020/KR.N-2020-03-05-137836066053.txt,0.0,0.0,-0.0,1.0,130.0
7203.T,2020,05,12,/Users/min/brexit-uncertainty/src/processed/2020/7203.T-2020-05-12-137263838697.txt,0.0,0.0,-0.0,5.0,24.0
BP.L,2020,04,28,/Users/min/brexit-uncertainty/src/processed/2020/BP.L-2020-04-28-140238367987.txt,0.0,0.0,-0.0,14.0,-11.0
DPWGn.DE,2020,04,08,/Users/min/brexit-uncertainty/src/processed/2020/DPWGn.DE-2020-04-08-140739935229.txt,0.0,0.0,-0.0,11.0,11.0
BARC.L,2020,10,23,/Users/min/brexit-uncertainty/src/processed/2020/BARC.L-2020-10-23-139436476229.txt,0.0006891271056661562,0.0,-18.11111111111111,15.0,-55.888888888888886
KR.N,2020,06,18,/Users/min/brexit-uncertainty/src/processed/2020/KR.N-2020-06-18-138108167439.txt,0.0,0.0,-0.0,10.0,109.0
KOG.OL,2020,10,30,/Users/min/brexit-uncertainty/src/processed/2020/KOG.OL-2020-10-30-139260118572.txt,0.0,0.0,-0.0,5.0,17.0
AZN.L,2020,11,05,/Users/min/brexit-uncertainty/src/processed/2020/AZN.L-2020-11-05-137119949493.txt,0.0,0.0,-0.0,12.0,78.0
F.N,2020,07,30,/Users/min/brexit-uncertainty/src/processed/2020/F.N-2020-07-30-138147513089.txt,0.0,0.0,-0.0,14.0,101.0
7203.T,2020,11,05,/Users/min/brexit-uncertainty/src/processed/2020/7203.T-2020-11-05-138263116087.txt,0.0,0.0,-0.0,1.0,49.0
JNJ.N,2020,07,16,/Users/min/brexit-uncertainty/src/processed/2020/JNJ.N-2020-07-16-140816144559.txt,0.0,0.0,-0.0,4.0,28.0
BARC.L,2020,02,13,/Users/min/brexit-uncertainty/src/processed/2020/BARC.L-2020-02-13-138119530720.txt,7.839448102853559e-05,0.0,-18.11111111111111,12.0,77.11111111111111
DPWGn.DE,2020,03,10,/Users/min/brexit-uncertainty/src/processed/2020/DPWGn.DE-2020-03-10-140482225494.txt,0.0,0.0,-0.0,9.0,62.0
F.N,2020,10,28,/Users/min/brexit-uncertainty/src/processed/2020/F.N-2020-10-28-138371499043.txt,0.0,0.0,-0.0,4.0,99.0
KHC.OQ,2020,02,13,/Users/min/brexit-uncertainty/src/processed/2020/KHC.OQ-2020-02-13-138215059016.txt,0.0,0.0,-0.0,5.0,79.0
BP.L,2020,02,04,/Users/min/brexit-uncertainty/src/processed/2020/BP.L-2020-02-04-137865680122.txt,0.0,0.0,-0.0,12.0,30.0
TSCO.L,2020,10,07,/Users/min/brexit-uncertainty/src/processed/2020/TSCO.L-2020-10-07-139439845115.txt,0.00031692372702302977,0.0,-0.0,5.0,75.0
7203.T,2020,05,12,/Users/min/brexit-uncertainty/src/processed/2020/7203.T-2020-05-12-139406927028.txt,0.0,0.0,-0.0,2.0,-17.0
7203.T,2020,02,06,/Users/min/brexit-uncertainty/src/processed/2020/7203.T-2020-02-06-139451667216.txt,0.0,0.0,-0.0,3.0,18.0
KOG.OL,2020,07,15,/Users/min/brexit-uncertainty/src/processed/2020/KOG.OL-2020-07-15-139176557710.txt,0.0,0.0,-0.0,7.0,41.0
BARC.L,2020,04,29,/Users/min/brexit-uncertainty/src/processed/2020/BARC.L-2020-04-29-140459713332.txt,0.0,0.0,-0.0,29.0,-84.0
KR.N,2020,12,03,/Users/min/brexit-uncertainty/src/processed/2020/KR.N-2020-12-03-140275750325.txt,0.0,0.0,-0.0,3.0,115.0
FMC.N,2020,08,05,/Users/min/brexit-uncertainty/src/processed/2020/FMC.N-2020-08-05-138514624961.txt,0.0,0.0,-0.0,6.0,38.0
TSCO.L,2020,10,07,/Users/min/brexit-uncertainty/src/processed/2020/TSCO.L-2020-10-07-139461732298.txt,0.0005163688939378292,0.0,-0.0,5.0,64.0
JNJ.N,2020,10,13,/Users/min/brexit-uncertainty/src/processed/2020/JNJ.N-2020-10-13-139333383014.txt,0.0,0.0,-0.0,8.0,69.0
BARC.L,2020,07,29,/Users/min/brexit-uncertainty/src/processed/2020/BARC.L-2020-07-29-138395847700.txt,0.0006317917614354309,14.818181818181818,-0.0,-2.8181818181818183,-56.0
BARC.L,2020,02,13,/Users/min/brexit-uncertainty/src/processed/2020/BARC.L-2020-02-13-139962947189.txt,0.00028121484814398203,0.0,18.11111111111111,11.0,0.8888888888888893
ULVR.L,2020,07,23,/Users/min/brexit-uncertainty/src/processed/2020/ULVR.L-2020-07-23-139605082238.txt,0.0,0.0,-0.0,5.0,8.0
TSCO.L,2020,04,08,/Users/min/brexit-uncertainty/src/processed/2020/TSCO.L-2020-04-08-137163525261.txt,0.0,0.0,-0.0,3.0,9.0
KHC.OQ,2020,10,29,/Users/min/brexit-uncertainty/src/processed/2020/KHC.OQ-2020-10-29-137671715233.txt,0.0,0.0,-0.0,4.0,131.0
JNJ.N,2020,01,22,/Users/min/brexit-uncertainty/src/processed/2020/JNJ.N-2020-01-22-140920095995.txt,0.0,0.0,-0.0,3.0,153.0
BARC.L,2020,07,29,/Users/min/brexit-uncertainty/src/processed/2020/BARC.L-2020-07-29-137532838134.txt,0.0,0.0,-0.0,14.0,-52.0
BP.L,2020,10,27,/Users/min/brexit-uncertainty/src/processed/2020/BP.L-2020-10-27-139879918998.txt,0.0,0.0,-0.0,4.0,75.0
F.N,2018,01,24,/Users/min/brexit-uncertainty/src/processed/2018/F.N-2018-01-24-138389904781.txt,0.0001779042874933286,0.0,-0.0,4.0,41.0
AZN.L,2018,02,02,/Users/min/brexit-uncertainty/src/processed/2018/AZN.L-2018-02-02-137054448061.txt,0.0,0.0,-0.0,12.0,84.0
BP.L,2018,02,06,/Users/min/brexit-uncertainty/src/processed/2018/BP.L-2018-02-06-138532789950.txt,0.0,0.0,-0.0,10.0,200.0
KHC.OQ,2018,05,02,/Users/min/brexit-uncertainty/src/processed/2018/KHC.OQ-2018-05-02-140336666357.txt,0.0,0.0,-0.0,7.0,93.0
TSCO.L,2018,10,03,/Users/min/brexit-uncertainty/src/processed/2018/TSCO.L-2018-10-03-139272056987.txt,0.0,0.0,-0.0,0.0,72.0
F.N,2018,10,24,/Users/min/brexit-uncertainty/src/processed/2018/F.N-2018-10-24-137531908921.txt,0.0,0.0,-0.0,5.0,86.0
KHC.OQ,2018,02,16,/Users/min/brexit-uncertainty/src/processed/2018/KHC.OQ-2018-02-16-137796859188.txt,0.0,0.0,-0.0,10.0,104.0
JNJ.N,2018,07,17,/Users/min/brexit-uncertainty/src/processed/2018/JNJ.N-2018-07-17-141010222562.txt,0.0,0.0,-0.0,0.0,112.0
AZN.L,2018,11,08,/Users/min/brexit-uncertainty/src/processed/2018/AZN.L-2018-11-08-140470213539.txt,0.0004816955684007707,0.0,18.11111111111111,15.0,49.888888888888886
AZN.L,2018,07,26,/Users/min/brexit-uncertainty/src/processed/2018/AZN.L-2018-07-26-140818664492.txt,0.0,0.0,-0.0,11.0,75.0
TSCO.L,2018,04,11,/Users/min/brexit-uncertainty/src/processed/2018/TSCO.L-2018-04-11-139959883222.txt,0.0,0.0,-0.0,2.0,191.0
JNJ.N,2018,04,17,/Users/min/brexit-uncertainty/src/processed/2018/JNJ.N-2018-04-17-137267325560.txt,0.0,0.0,-0.0,2.0,124.0
KR.N,2018,03,08,/Users/min/brexit-uncertainty/src/processed/2018/KR.N-2018-03-08-138743414845.txt,0.0,0.0,-0.0,2.0,57.0
DPWGn.DE,2018,08,07,/Users/min/brexit-uncertainty/src/processed/2018/DPWGn.DE-2018-08-07-137436527491.txt,0.0004662004662004662,0.0,-18.11111111111111,5.0,66.11111111111111
BARC.L,2018,04,26,/Users/min/brexit-uncertainty/src/processed/2018/BARC.L-2018-04-26-139732542527.txt,0.0,0.0,-0.0,19.0,35.0
7203.T,2018,08,03,/Users/min/brexit-uncertainty/src/processed/2018/7203.T-2018-08-03-137294661410.txt,0.0,0.0,-0.0,0.0,52.0
DPWGn.DE,2018,11,06,/Users/min/brexit-uncertainty/src/processed/2018/DPWGn.DE-2018-11-06-138067543106.txt,0.0006861063464837049,0.0,-18.11111111111111,8.0,64.11111111111111
BARC.L,2018,08,02,/Users/min/brexit-uncertainty/src/processed/2018/BARC.L-2018-08-02-137366822025.txt,0.0010549914281946459,29.636363636363637,-0.0,-16.636363636363637,3.0
ULVR.L,2018,02,01,/Users/min/brexit-uncertainty/src/processed/2018/ULVR.L-2018-02-01-137010525657.txt,0.0,0.0,-0.0,4.0,104.0
LLY.N,2018,11,06,/Users/min/brexit-uncertainty/src/processed/2018/LLY.N-2018-11-06-138855989064.txt,0.0,0.0,-0.0,4.0,66.0
BP.L,2018,10,30,/Users/min/brexit-uncertainty/src/processed/2018/BP.L-2018-10-30-137466638078.txt,0.0,0.0,-0.0,4.0,14.0
LLY.N,2018,04,24,/Users/min/brexit-uncertainty/src/processed/2018/LLY.N-2018-04-24-139809901587.txt,0.0,0.0,-0.0,11.0,27.0
BP.L,2018,07,31,/Users/min/brexit-uncertainty/src/processed/2018/BP.L-2018-07-31-140636385070.txt,0.0,0.0,-0.0,9.0,3.0
LLY.N,2018,07,24,/Users/min/brexit-uncertainty/src/processed/2018/LLY.N-2018-07-24-139253294349.txt,0.0,0.0,-0.0,3.0,26.0
BP.L,2018,05,01,/Users/min/brexit-uncertainty/src/processed/2018/BP.L-2018-05-01-137691496744.txt,0.0,0.0,-0.0,4.0,25.0
7203.T,2018,02,06,/Users/min/brexit-uncertainty/src/processed/2018/7203.T-2018-02-06-138825723624.txt,0.0,0.0,-0.0,0.0,7.0
KHC.OQ,2018,11,01,/Users/min/brexit-uncertainty/src/processed/2018/KHC.OQ-2018-11-01-139957170311.txt,0.0,0.0,-0.0,6.0,69.0
7203.T,2018,05,09,/Users/min/brexit-uncertainty/src/processed/2018/7203.T-2018-05-09-139256922882.txt,0.0,0.0,-0.0,6.0,2.0
JNJ.N,2018,10,16,/Users/min/brexit-uncertainty/src/processed/2018/JNJ.N-2018-10-16-138373365491.txt,0.0,0.0,-0.0,3.0,124.0
BARC.L,2018,02,22,/Users/min/brexit-uncertainty/src/processed/2018/BARC.L-2018-02-22-136963783161.txt,0.0005104645227156713,0.0,18.11111111111111,6.0,-3.1111111111111107
F.N,2018,07,25,/Users/min/brexit-uncertainty/src/processed/2018/F.N-2018-07-25-140890935247.txt,0.00028339316077838654,0.0,-0.0,5.0,17.0
BARC.L,2018,02,22,/Users/min/brexit-uncertainty/src/processed/2018/BARC.L-2018-02-22-137901359180.txt,0.00016966406515100103,0.0,-0.0,9.0,29.0
TSCO.L,2018,04,11,/Users/min/brexit-uncertainty/src/processed/2018/TSCO.L-2018-04-11-138743165366.txt,0.0,0.0,-0.0,3.0,66.0
7203.T,2018,05,09,/Users/min/brexit-uncertainty/src/processed/2018/7203.T-2018-05-09-137864330980.txt,0.0,0.0,-0.0,0.0,-26.0
KHC.OQ,2018,08,03,/Users/min/brexit-uncertainty/src/processed/2018/KHC.OQ-2018-08-03-139625297076.txt,0.0,0.0,-0.0,5.0,101.0
KR.N,2018,06,21,/Users/min/brexit-uncertainty/src/processed/2018/KR.N-2018-06-21-139399065775.txt,0.0,0.0,-0.0,1.0,87.0
BARC.L,2018,10,24,/Users/min/brexit-uncertainty/src/processed/2018/BARC.L-2018-10-24-140944839383.txt,0.0010257219504497396,0.0,-18.11111111111111,18.0,40.111111111111114
ULVR.L,2018,07,19,/Users/min/brexit-uncertainty/src/processed/2018/ULVR.L-2018-07-19-137927763788.txt,0.0,0.0,-0.0,2.0,75.0
DPWGn.DE,2018,11,06,/Users/min/brexit-uncertainty/src/processed/2018/DPWGn.DE-2018-11-06-139056129466.txt,0.00024588148512417015,29.636363636363637,18.11111111111111,-19.636363636363637,24.88888888888889
KR.N,2018,12,06,/Users/min/brexit-uncertainty/src/processed/2018/KR.N-2018-12-06-137368561785.txt,0.0,0.0,-0.0,0.0,74.0
BARC.L,2018,08,02,/Users/min/brexit-uncertainty/src/processed/2018/BARC.L-2018-08-02-139224686385.txt,0.0008037939072421831,0.0,36.22222222222222,19.0,12.777777777777779
DPWGn.DE,2018,03,07,/Users/min/brexit-uncertainty/src/processed/2018/DPWGn.DE-2018-03-07-140776301443.txt,0.0,0.0,-0.0,7.0,139.0
LLY.N,2018,01,31,/Users/min/brexit-uncertainty/src/processed/2018/LLY.N-2018-01-31-138912850488.txt,0.0,0.0,-0.0,9.0,32.0
JNJ.N,2018,01,23,/Users/min/brexit-uncertainty/src/processed/2018/JNJ.N-2018-01-23-137596207567.txt,0.0,0.0,-0.0,4.0,145.0
7203.T,2018,11,05,/Users/min/brexit-uncertainty/src/processed/2018/7203.T-2018-11-05-136945998670.txt,0.0,0.0,-0.0,2.0,90.0
AZN.L,2018,05,18,/Users/min/brexit-uncertainty/src/processed/2018/AZN.L-2018-05-18-138645788490.txt,0.0,0.0,-0.0,17.0,54.0
F.N,2018,04,25,/Users/min/brexit-uncertainty/src/processed/2018/F.N-2018-04-25-137616469531.txt,9.8833761612967e-05,0.0,-0.0,11.0,68.0
KR.N,2018,09,13,/Users/min/brexit-uncertainty/src/processed/2018/KR.N-2018-09-13-140662712213.txt,0.0,0.0,-0.0,2.0,75.0
BP.L,2016,04,26,/Users/min/brexit-uncertainty/src/processed/2016/BP.L-2016-04-26-138494343421.txt,0.0,0.0,-0.0,5.0,-13.0
BARC.L,2016,07,29,/Users/min/brexit-uncertainty/src/processed/2016/BARC.L-2016-07-29-138523614655.txt,0.001049317943336831,14.818181818181818,-54.333333333333336,-4.818181818181818,81.33333333333334
7203.T,2016,02,05,/Users/min/brexit-uncertainty/src/processed/2016/7203.T-2016-02-05-139386834162.txt,0.0,0.0,-0.0,1.0,4.0
F.N,2016,01,28,/Users/min/brexit-uncertainty/src/processed/2016/F.N-2016-01-28-140702560456.txt,0.0,0.0,-0.0,2.0,33.0
7203.T,2016,08,04,/Users/min/brexit-uncertainty/src/processed/2016/7203.T-2016-08-04-140552523227.txt,0.0,0.0,-0.0,0.0,11.0
7203.T,2016,11,08,/Users/min/brexit-uncertainty/src/processed/2016/7203.T-2016-11-08-140750745571.txt,0.0,0.0,-0.0,0.0,2.0
KR.N,2016,12,01,/Users/min/brexit-uncertainty/src/processed/2016/KR.N-2016-12-01-138964739188.txt,0.0,0.0,-0.0,4.0,28.0
JNJ.N,2016,10,18,/Users/min/brexit-uncertainty/src/processed/2016/JNJ.N-2016-10-18-139180104058.txt,0.0,0.0,-0.0,4.0,162.0
F.N,2016,04,28,/Users/min/brexit-uncertainty/src/processed/2016/F.N-2016-04-28-139061241116.txt,0.0,0.0,-0.0,9.0,7.0
JNJ.N,2016,04,19,/Users/min/brexit-uncertainty/src/processed/2016/JNJ.N-2016-04-19-137441522591.txt,0.0,0.0,-0.0,1.0,56.0
KHC.OQ,2016,11,03,/Users/min/brexit-uncertainty/src/processed/2016/KHC.OQ-2016-11-03-137203242866.txt,0.0,0.0,-0.0,7.0,70.0
AZN.L,2016,11,10,/Users/min/brexit-uncertainty/src/processed/2016/AZN.L-2016-11-10-140407419257.txt,0.0,0.0,-0.0,7.0,55.0
KHC.OQ,2016,08,04,/Users/min/brexit-uncertainty/src/processed/2016/KHC.OQ-2016-08-04-138495811214.txt,0.0,0.0,-0.0,7.0,69.0
LLY.N,2016,07,26,/Users/min/brexit-uncertainty/src/processed/2016/LLY.N-2016-07-26-138043614001.txt,0.0,0.0,-0.0,10.0,7.0
BP.L,2016,07,26,/Users/min/brexit-uncertainty/src/processed/2016/BP.L-2016-07-26-136934164838.txt,0.00010024057738572574,0.0,-0.0,5.0,89.0
BARC.L,2016,03,01,/Users/min/brexit-uncertainty/src/processed/2016/BARC.L-2016-03-01-137548274670.txt,0.0,0.0,-0.0,16.0,6.0
TSCO.L,2016,10,05,/Users/min/brexit-uncertainty/src/processed/2016/TSCO.L-2016-10-05-138488445184.txt,0.0,0.0,-0.0,10.0,84.0
KHC.OQ,2016,02,25,/Users/min/brexit-uncertainty/src/processed/2016/KHC.OQ-2016-02-25-138842966670.txt,0.0,0.0,-0.0,4.0,60.0
F.N,2016,10,27,/Users/min/brexit-uncertainty/src/processed/2016/F.N-2016-10-27-138379355375.txt,0.0,0.0,-0.0,4.0,-3.0
AZN.L,2016,07,28,/Users/min/brexit-uncertainty/src/processed/2016/AZN.L-2016-07-28-140055454105.txt,0.00022366360993066427,0.0,-0.0,9.0,70.0
ULVR.L,2016,07,21,/Users/min/brexit-uncertainty/src/processed/2016/ULVR.L-2016-07-21-136975403569.txt,0.00017710085893916585,0.0,18.11111111111111,6.0,54.888888888888886
AZN.L,2016,02,04,/Users/min/brexit-uncertainty/src/processed/2016/AZN.L-2016-02-04-137149101673.txt,0.0,0.0,-0.0,5.0,65.0
TSCO.L,2016,10,05,/Users/min/brexit-uncertainty/src/processed/2016/TSCO.L-2016-10-05-139932963486.txt,0.00027085590465872155,0.0,-0.0,2.0,25.0
BP.L,2016,11,01,/Users/min/brexit-uncertainty/src/processed/2016/BP.L-2016-11-01-137138385099.txt,0.0,0.0,-0.0,5.0,23.0
DPWGn.DE,2016,11,08,/Users/min/brexit-uncertainty/src/processed/2016/DPWGn.DE-2016-11-08-138136081245.txt,0.0,0.0,-0.0,3.0,88.0
TSCO.L,2016,04,14,/Users/min/brexit-uncertainty/src/processed/2016/TSCO.L-2016-04-14-139810984905.txt,0.0,0.0,-0.0,1.0,19.0
KR.N,2016,06,16,/Users/min/brexit-uncertainty/src/processed/2016/KR.N-2016-06-16-137382711624.txt,0.0,0.0,-0.0,3.0,65.0
BP.L,2016,02,02,/Users/min/brexit-uncertainty/src/processed/2016/BP.L-2016-02-02-139830716399.txt,0.0,0.0,-0.0,5.0,3.0
BARC.L,2016,03,01,/Users/min/brexit-uncertainty/src/processed/2016/BARC.L-2016-03-01-139824873187.txt,0.00035545023696682463,0.0,-0.0,24.0,48.0
AZN.L,2016,04,29,/Users/min/brexit-uncertainty/src/processed/2016/AZN.L-2016-04-29-138460076277.txt,0.0,0.0,-0.0,9.0,73.0
KR.N,2016,09,09,/Users/min/brexit-uncertainty/src/processed/2016/KR.N-2016-09-09-139724544695.txt,0.0,0.0,-0.0,0.0,49.0
BARC.L,2016,07,29,/Users/min/brexit-uncertainty/src/processed/2016/BARC.L-2016-07-29-139004361518.txt,0.00207820197044335,14.818181818181818,-18.11111111111111,3.1818181818181817,24.11111111111111
KHC.OQ,2016,05,04,/Users/min/brexit-uncertainty/src/processed/2016/KHC.OQ-2016-05-04-139041781128.txt,0.0,0.0,-0.0,6.0,71.0
DPWGn.DE,2016,05,11,/Users/min/brexit-uncertainty/src/processed/2016/DPWGn.DE-2016-05-11-141134862749.txt,0.0,0.0,-0.0,2.0,68.0
F.N,2016,07,28,/Users/min/brexit-uncertainty/src/processed/2016/F.N-2016-07-28-138385069851.txt,0.0012668651422056121,14.818181818181818,72.44444444444444,-0.8181818181818183,-20.444444444444443
DPWGn.DE,2016,08,03,/Users/min/brexit-uncertainty/src/processed/2016/DPWGn.DE-2016-08-03-140062875928.txt,0.00025581990278843696,0.0,-0.0,2.0,79.0
TSCO.L,2016,04,13,/Users/min/brexit-uncertainty/src/processed/2016/TSCO.L-2016-04-13-137046574372.txt,0.0,0.0,-0.0,11.0,144.0
LLY.N,2016,10,25,/Users/min/brexit-uncertainty/src/processed/2016/LLY.N-2016-10-25-137654586127.txt,0.0,0.0,-0.0,7.0,31.0
JNJ.N,2016,01,26,/Users/min/brexit-uncertainty/src/processed/2016/JNJ.N-2016-01-26-138676405818.txt,0.0,0.0,-0.0,2.0,173.0
LLY.N,2016,04,26,/Users/min/brexit-uncertainty/src/processed/2016/LLY.N-2016-04-26-138440853820.txt,0.0,0.0,-0.0,7.0,-7.0
JNJ.N,2016,07,19,/Users/min/brexit-uncertainty/src/processed/2016/JNJ.N-2016-07-19-140074050620.txt,0.0,0.0,-0.0,2.0,188.0
F.N,2016,07,28,/Users/min/brexit-uncertainty/src/processed/2016/F.N-2016-07-28-140686794229.txt,0.0004723665564478035,0.0,36.22222222222222,5.0,-42.22222222222222
DPWGn.DE,2016,03,09,/Users/min/brexit-uncertainty/src/processed/2016/DPWGn.DE-2016-03-09-137982971470.txt,0.0,0.0,-0.0,2.0,114.0
F.N,2016,01,28,/Users/min/brexit-uncertainty/src/processed/2016/F.N-2016-01-28-140929213537.txt,0.0,0.0,-0.0,7.0,142.0
LLY.N,2016,01,28,/Users/min/brexit-uncertainty/src/processed/2016/LLY.N-2016-01-28-139753177768.txt,0.0,0.0,-0.0,10.0,14.0
KR.N,2016,03,03,/Users/min/brexit-uncertainty/src/processed/2016/KR.N-2016-03-03-137071463801.txt,0.0,0.0,-0.0,4.0,77.0
F.N,2016,04,28,/Users/min/brexit-uncertainty/src/processed/2016/F.N-2016-04-28-139397969691.txt,0.00022483699317994455,0.0,36.22222222222222,9.0,101.77777777777777
F.N,2016,10,27,/Users/min/brexit-uncertainty/src/processed/2016/F.N-2016-10-27-139351278755.txt,0.001252642292335395,0.0,-0.0,5.0,67.0
7203.T,2016,05,11,/Users/min/brexit-uncertainty/src/processed/2016/7203.T-2016-05-11-139232969728.txt,0.0,0.0,-0.0,0.0,0.0
ULVR.L,2016,01,19,/Users/min/brexit-uncertainty/src/processed/2016/ULVR.L-2016-01-19-139914041816.txt,0.0,0.0,-0.0,11.0,141.0
